{
    "stocks": [
        "BTC-USD",
        "GOOG",
        "AAPL",
        "BTC-EUR",
        "AMZN",
        "NVDA",
        "NKE",
        "TSLA",
        "F",
        "T",
        "BAC",
        "KO",
        "TM",
        "MCD",
        "DIS"
    ],
    "BTC-USD": {
        "pytorch": {
            "value": 54483.54310259845,
            "mse": 0.01734371855854988
        },
        "sklearn": {
            "value": 62706.664247486035,
            "mse": 1111128.670053709
        }
    },
    "GOOG": {
        "pytorch": {
            "value": 148.81837146988732,
            "mse": 0.01642303168773651
        },
        "sklearn": {
            "value": 183.78050741502537,
            "mse": 6.190616067949286
        }
    },
    "AAPL": {
        "pytorch": {
            "value": 158.07136842455282,
            "mse": 0.052251528948545456
        },
        "sklearn": {
            "value": 210.6692413243441,
            "mse": 7.323124456470519
        }
    },
    "BTC-EUR": {
        "pytorch": {
            "value": 53266.788410546156,
            "mse": 0.008540553040802479
        },
        "sklearn": {
            "value": 56848.861826666536,
            "mse": 925435.2128176113
        }
    },
    "AMZN": {
        "pytorch": {
            "value": 167.943775683519,
            "mse": 0.0073197814635932446
        },
        "sklearn": {
            "value": 193.3446959940922,
            "mse": 7.881389439035728
        }
    },
    "NVDA": {
        "pytorch": {
            "value": 47.822360430727336,
            "mse": 0.13378562033176422
        },
        "sklearn": {
            "value": 122.46502193902043,
            "mse": 3.010256682573356
        }
    },
    "NKE": {
        "pytorch": {
            "value": 88.35900097747566,
            "mse": 0.0016910018166527152
        },
        "sklearn": {
            "value": 75.72123803289453,
            "mse": 5.114313442660042
        }
    },
    "TSLA": {
        "pytorch": {
            "value": 200.3947957287723,
            "mse": 0.00872422568500042
        },
        "sklearn": {
            "value": 199.0257744076454,
            "mse": 54.77591983595502
        }
    },
    "F": {
        "pytorch": {
            "value": 12.120478325969371,
            "mse": 0.00197283155284822
        },
        "sklearn": {
            "value": 12.531438780483905,
            "mse": 0.0889394889100882
        }
    },
    "T": {
        "pytorch": {
            "value": 18.44384959091009,
            "mse": 0.01644529029726982
        },
        "sklearn": {
            "value": 19.08232427733211,
            "mse": 0.07713297860551126
        }
    },
    "BAC": {
        "pytorch": {
            "value": 40.57875112854799,
            "mse": 0.0031065908260643482
        },
        "sklearn": {
            "value": 39.81902634553538,
            "mse": 0.2924531418393811
        }
    },
    "KO": {
        "pytorch": {
            "value": 62.604526029972256,
            "mse": 0.004503495525568724
        },
        "sklearn": {
            "value": 63.7815976406592,
            "mse": 0.2875431045223803
        }
    },
    "TM": {
        "pytorch": {
            "value": 189.86652534326956,
            "mse": 0.03671736270189285
        },
        "sklearn": {
            "value": 205.1706108015614,
            "mse": 7.50733411654966
        }
    },
    "MCD": {
        "pytorch": {
            "value": 253.10897267579344,
            "mse": 0.026503855362534523
        },
        "sklearn": {
            "value": 255.09401293621764,
            "mse": 7.724287386191093
        }
    },
    "DIS": {
        "pytorch": {
            "value": 100.6034314057706,
            "mse": 0.0026617508847266436
        },
        "sklearn": {
            "value": 99.5002288871255,
            "mse": 3.964626627291545
        }
    }
}