{
    "stocks": [
        "BTC-USD",
        "GOOG",
        "AAPL",
        "BTC-EUR",
        "AMZN",
        "NVDA",
        "NKE",
        "TSLA",
        "F",
        "T",
        "BAC",
        "KO",
        "TM",
        "MCD",
        "DIS"
    ],
    "BTC-USD": {
        "pytorch": {
            "value": 60114.471711262864,
            "mse": 0.0028605791740119457
        },
        "sklearn": {
            "value": 62813.428385479114,
            "mse": 1093913.4351375315
        }
    },
    "GOOG": {
        "pytorch": {
            "value": 139.53866809412523,
            "mse": 0.028096726164221764
        },
        "sklearn": {
            "value": 183.7525408338246,
            "mse": 6.142393705614074
        }
    },
    "AAPL": {
        "pytorch": {
            "value": 173.6350344308771,
            "mse": 0.021642513573169708
        },
        "sklearn": {
            "value": 210.8962823174625,
            "mse": 7.347346199544012
        }
    },
    "BTC-EUR": {
        "pytorch": {
            "value": 51963.57823879647,
            "mse": 0.011814695782959461
        },
        "sklearn": {
            "value": 56690.07341849833,
            "mse": 915546.9943664719
        }
    },
    "AMZN": {
        "pytorch": {
            "value": 178.32234015497806,
            "mse": 0.003124118084087968
        },
        "sklearn": {
            "value": 193.33842586757885,
            "mse": 7.76854905968595
        }
    },
    "NVDA": {
        "pytorch": {
            "value": 40.645112753772885,
            "mse": 0.2633529305458069
        },
        "sklearn": {
            "value": 122.17223669164393,
            "mse": 2.8807482402034448
        }
    },
    "NKE": {
        "pytorch": {
            "value": 88.68806635102015,
            "mse": 0.0019330419600009918
        },
        "sklearn": {
            "value": 75.70047484443903,
            "mse": 5.098656916966688
        }
    },
    "TSLA": {
        "pytorch": {
            "value": 193.26722538084823,
            "mse": 0.003789602778851986
        },
        "sklearn": {
            "value": 198.63490167677634,
            "mse": 53.71655488687725
        }
    },
    "F": {
        "pytorch": {
            "value": 12.234719235493115,
            "mse": 0.0016386297065764666
        },
        "sklearn": {
            "value": 12.5525814872615,
            "mse": 0.08885581973172091
        }
    },
    "T": {
        "pytorch": {
            "value": 18.784902552659418,
            "mse": 0.006543904542922974
        },
        "sklearn": {
            "value": 19.091906511455818,
            "mse": 0.07692196170869978
        }
    },
    "BAC": {
        "pytorch": {
            "value": 39.6269402363223,
            "mse": 0.002061364008113742
        },
        "sklearn": {
            "value": 39.78440036059287,
            "mse": 0.28964154532067454
        }
    },
    "KO": {
        "pytorch": {
            "value": 61.16075516149841,
            "mse": 0.011562651954591274
        },
        "sklearn": {
            "value": 63.676623851742825,
            "mse": 0.28546792153809214
        }
    },
    "TM": {
        "pytorch": {
            "value": 184.97259444971704,
            "mse": 0.06197136640548706
        },
        "sklearn": {
            "value": 204.52027342927445,
            "mse": 7.332558901108003
        }
    },
    "MCD": {
        "pytorch": {
            "value": 253.9081971681469,
            "mse": 0.025928203016519547
        },
        "sklearn": {
            "value": 254.94659999457377,
            "mse": 7.628586869582177
        }
    },
    "DIS": {
        "pytorch": {
            "value": 100.81647601643022,
            "mse": 0.0032202762085944414
        },
        "sklearn": {
            "value": 99.60062326085009,
            "mse": 3.895671070132639
        }
    }
}