{
    "BTC-USD": {
<<<<<<< HEAD
        "predicted": 58438.8046875,
        "mse": 1863758.6522061941
    },
    "GOOG": {
        "predicted": 181.85987854003906,
        "mse": 20.668715496696866
    },
    "AAPL": {
        "predicted": 220.1723175048828,
        "mse": 8.120931035882618
    },
    "BTC-EUR": {
        "predicted": 52697.28515625,
        "mse": 942889.6810586383
    },
    "AMZN": {
        "predicted": 199.53451538085938,
        "mse": 8.994480751459005
    },
    "NVDA": {
        "predicted": 127.25372314453125,
        "mse": 3.252312310538268
    },
    "NKE": {
        "predicted": 75.1935043334961,
        "mse": 6.769320109088495
    },
    "TSLA": {
        "predicted": 244.3477020263672,
        "mse": 55.657500357881574
    },
    "F": {
        "predicted": 12.65570068359375,
        "mse": 0.13259999677168877
    },
    "T": {
        "predicted": 18.88373374938965,
        "mse": 0.11286879710789899
    },
    "BAC": {
        "predicted": 40.97511672973633,
        "mse": 0.30589317906421465
    },
    "KO": {
        "predicted": 63.51569747924805,
        "mse": 0.40188456113624504
    },
    "TM": {
        "predicted": 206.4977264404297,
        "mse": 11.169134550337843
    },
    "MCD": {
        "predicted": 248.47012329101562,
        "mse": 9.317433170613878
    },
    "DIS": {
        "predicted": 97.03150177001953,
        "mse": 6.011327574878794
    },
    "EURUSD=X": {
        "predicted": 1.079467535018921,
        "mse": 0.00012719230724955903
=======
        "predicted": 59196.984375,
        "mse": 3219717.4211514317
    },
    "GOOG": {
        "predicted": 187.7952880859375,
        "mse": 6.882725909759988
    },
    "AAPL": {
        "predicted": 221.02232360839844,
        "mse": 7.770734343784318
    },
    "BTC-EUR": {
        "predicted": 52616.7890625,
        "mse": 982157.7873379554
    },
    "AMZN": {
        "predicted": 200.7415771484375,
        "mse": 11.797275613773099
    },
    "NVDA": {
        "predicted": 123.89224243164062,
        "mse": 7.130963648752318
    },
    "NKE": {
        "predicted": 76.93214416503906,
        "mse": 5.9416638458091064
    },
    "TSLA": {
        "predicted": 239.21307373046875,
        "mse": 81.70835723411011
    },
    "F": {
        "predicted": 12.619068145751953,
        "mse": 0.14168020619776092
    },
    "T": {
        "predicted": 18.88762664794922,
        "mse": 0.11535804273799148
    },
    "BAC": {
        "predicted": 40.60275650024414,
        "mse": 0.3574210117705835
    },
    "KO": {
        "predicted": 63.195011138916016,
        "mse": 0.31609017407293527
    },
    "TM": {
        "predicted": 208.2410125732422,
        "mse": 11.556635940705789
    },
    "MCD": {
        "predicted": 253.57241821289062,
        "mse": 28.473089475808496
    },
    "DIS": {
        "predicted": 98.89546966552734,
        "mse": 4.02596406264841
    },
    "EURUSD=X": {
        "predicted": 1.0755810737609863,
        "mse": 4.767558464253696e-05
>>>>>>> bd29aab54740562dd78e5153157e5fb9f9a46e51
    }
}