{
    "BTC-USD": {
        "predicted": 60920.55510627087,
        "mse": 1133424.9627176204
    },
    "GOOG": {
        "predicted": 186.47178340364644,
        "mse": 6.120790650213703
    },
    "AAPL": {
        "predicted": 230.30681321907065,
        "mse": 7.471423256758992
    },
    "BTC-EUR": {
        "predicted": 55914.220985992986,
        "mse": 949980.900136619
    },
    "AMZN": {
        "predicted": 194.23163932256676,
        "mse": 7.770640375670367
    },
    "NVDA": {
        "predicted": 129.66138968111767,
        "mse": 3.160713186299222
    },
    "NKE": {
        "predicted": 73.52352978647392,
        "mse": 5.031170834542955
    },
    "TSLA": {
        "predicted": 249.51843203964012,
        "mse": 55.33580398752714
    },
    "F": {
        "predicted": 14.034889877947808,
        "mse": 0.08826406438057365
    },
    "T": {
        "predicted": 18.813989846388566,
        "mse": 0.076329251782837
    },
    "BAC": {
        "predicted": 41.54111411296333,
        "mse": 0.28887707305321497
    },
    "KO": {
        "predicted": 63.57638606923721,
        "mse": 0.28448670339327814
    },
    "TM": {
        "predicted": 207.24739081341835,
        "mse": 7.3623562869628945
    },
    "MCD": {
        "predicted": 254.367650673905,
        "mse": 7.7545269766034854
    },
    "DIS": {
        "predicted": 97.18754890245502,
        "mse": 3.84256456663896
    },
    "EURUSD=X": {
        "predicted": 1.0885579534158656,
        "mse": 2.6995634431695267e-05
    }
}