{
    "BTC-USD": {
        "predicted": 62702.24479468701,
        "mse": 1093922.5141416746
    },
    "GOOG": {
        "predicted": 184.0272304956789,
        "mse": 6.1321212077380824
    },
    "AAPL": {
        "predicted": 216.90824274093129,
        "mse": 7.341274283897733
    },
    "BTC-EUR": {
        "predicted": 58531.25398322762,
        "mse": 913904.9394383769
    },
    "AMZN": {
        "predicted": 196.82368553866772,
        "mse": 7.7542433681999015
    },
    "NVDA": {
        "predicted": 124.069150874012,
        "mse": 2.8826065441273876
    },
    "NKE": {
        "predicted": 76.52632730340457,
        "mse": 5.089893535209377
    },
    "TSLA": {
        "predicted": 210.0568146193193,
        "mse": 54.294509858057914
    },
    "F": {
        "predicted": 12.756796164754327,
        "mse": 0.08867895018752621
    },
    "T": {
        "predicted": 19.044410339378373,
        "mse": 0.07700502145896697
    },
    "BAC": {
        "predicted": 39.95169389456706,
        "mse": 0.28933478758597814
    },
    "KO": {
        "predicted": 63.2090249566629,
        "mse": 0.2849528555332134
    },
    "TM": {
        "predicted": 203.62658549943487,
        "mse": 7.323325748255463
    },
    "MCD": {
        "predicted": 250.19423888661655,
        "mse": 7.620019695201139
    },
    "DIS": {
        "predicted": 98.19785519913346,
        "mse": 3.889874430173222
    },
    "EURUSD=X": {
        "predicted": 1.0740971800430024,
        "mse": 2.8102722735292603e-05
    }
}