{
    "BTC-USD": {
        "prediction": 62813.428385479114,
        "mse": 1093795.3803152218
    },
    "GOOG": {
        "prediction": 183.7525408338246,
        "mse": 6.142393705614074
    },
    "AAPL": {
        "prediction": 210.8962823174625,
        "mse": 7.347346199544012
    },
    "BTC-EUR": {
        "prediction": 56690.07341849833,
        "mse": 914685.4812527557
    },
    "AMZN": {
        "prediction": 193.33842586757885,
        "mse": 7.76854905968595
    },
    "NVDA": {
        "prediction": 122.17223669164393,
        "mse": 2.8807482402034448
    },
    "NKE": {
        "prediction": 75.70047484443903,
        "mse": 5.098656916966688
    },
    "TSLA": {
        "prediction": 198.63490167677634,
        "mse": 53.71655488687725
    },
    "F": {
        "prediction": 12.5525814872615,
        "mse": 0.08885581973172091
    },
    "T": {
        "prediction": 19.091906511455818,
        "mse": 0.07692196170869978
    },
    "BAC": {
        "prediction": 39.78440036059287,
        "mse": 0.28964154532067454
    },
    "KO": {
        "prediction": 63.676623851742825,
        "mse": 0.28546792153809214
    },
    "TM": {
        "prediction": 204.52027342927445,
        "mse": 7.332558901108003
    },
    "MCD": {
        "prediction": 254.94659999457377,
        "mse": 7.628586869582177
    },
    "DIS": {
        "prediction": 99.60062326085009,
        "mse": 3.895671070132639
    }
}