{
    "BTC-USD": {
<<<<<<< HEAD
        "predicted": 56648.48050041426,
        "mse": 1110882.1832133094
=======
        "predicted": 56648.48050041422,
        "mse": 1110882.183213312
>>>>>>> bd29aab54740562dd78e5153157e5fb9f9a46e51
    },
    "GOOG": {
        "predicted": 187.6627269750336,
        "mse": 6.131453212262921
    },
    "AAPL": {
        "predicted": 220.87677519386204,
        "mse": 7.392001082175767
    },
    "BTC-EUR": {
<<<<<<< HEAD
        "predicted": 52750.82343350638,
        "mse": 930533.5043426803
=======
        "predicted": 52750.823433506404,
        "mse": 930533.504342679
>>>>>>> bd29aab54740562dd78e5153157e5fb9f9a46e51
    },
    "AMZN": {
        "predicted": 197.6079313144507,
        "mse": 7.7661969221087865
    },
    "NVDA": {
        "predicted": 128.63938539301344,
        "mse": 2.9457538912067487
    },
    "NKE": {
        "predicted": 75.62037459092316,
        "mse": 5.072717045672212
    },
    "TSLA": {
        "predicted": 246.3513074711788,
        "mse": 55.030943866603266
    },
    "F": {
        "predicted": 12.83958011383842,
        "mse": 0.08862874092958004
    },
    "T": {
        "predicted": 18.709020678794527,
        "mse": 0.0767787973854475
    },
    "BAC": {
        "predicted": 40.82463415093016,
        "mse": 0.2909978442669077
    },
    "KO": {
        "predicted": 63.309752487905364,
        "mse": 0.282591109703689
    },
    "TM": {
        "predicted": 205.8396833568132,
        "mse": 7.324766886439029
    },
    "MCD": {
        "predicted": 249.50057825420953,
        "mse": 7.634571056534892
    },
    "DIS": {
        "predicted": 98.66913306730223,
        "mse": 3.881291258599049
    },
    "EURUSD=X": {
        "predicted": 1.0797194908449137,
        "mse": 2.7387821152959263e-05
    }
}