{
    "BTC-USD": {
        "predicted": 56648.48050041426,
        "mse": 1110882.1832133094
    },
    "GOOG": {
        "predicted": 187.66272697503354,
        "mse": 6.131453212262935
    },
    "AAPL": {
        "predicted": 220.87677519386193,
        "mse": 7.392001082175782
    },
    "BTC-EUR": {
        "predicted": 52750.82343350638,
        "mse": 930533.5043426803
    },
    "AMZN": {
        "predicted": 197.60793131445052,
        "mse": 7.766196922108824
    },
    "NVDA": {
        "predicted": 128.63938539301333,
        "mse": 2.945753891206781
    },
    "NKE": {
        "predicted": 75.62037459092315,
        "mse": 5.072717045672217
    },
    "TSLA": {
        "predicted": 246.35130747117887,
        "mse": 55.03094386660329
    },
    "F": {
        "predicted": 12.839580113838418,
        "mse": 0.08862874092958005
    },
    "T": {
        "predicted": 18.709020678794523,
        "mse": 0.07677879738544738
    },
    "BAC": {
        "predicted": 40.82463415093016,
        "mse": 0.2909978442669077
    },
    "KO": {
        "predicted": 63.30975248790534,
        "mse": 0.28259110970368967
    },
    "TM": {
        "predicted": 205.8396833568132,
        "mse": 7.324766886439026
    },
    "MCD": {
        "predicted": 249.5005782542096,
        "mse": 7.634571056534893
    },
    "DIS": {
        "predicted": 98.66913306730225,
        "mse": 3.88129125859905
    },
    "EURUSD=X": {
        "predicted": 1.0797194908449135,
        "mse": 2.7387821152959198e-05
    }
}