{
    "BTC-USD": {
        "predicted": 60920.55510627087,
        "mse": 1133292.4465039647
    },
    "GOOG": {
        "predicted": 186.47178340364644,
        "mse": 6.121835197297759
    },
    "AAPL": {
        "predicted": 230.30681321907065,
        "mse": 7.480785889237849
    },
    "BTC-EUR": {
        "predicted": 54227.82377830341,
        "mse": 960906.2064121315
    },
    "AMZN": {
        "predicted": 194.23163932256676,
        "mse": 7.777326298308324
    },
    "NVDA": {
        "predicted": 129.66138968111767,
        "mse": 3.1307522432471275
    },
    "NKE": {
        "predicted": 73.52352978647392,
        "mse": 5.03743501471718
    },
    "TSLA": {
        "predicted": 249.51843203964012,
        "mse": 55.34727724666564
    },
    "F": {
        "predicted": 14.034889877947808,
        "mse": 0.08823051383621094
    },
    "T": {
        "predicted": 18.813989846388566,
        "mse": 0.0764485165138768
    },
    "BAC": {
        "predicted": 41.54111411296333,
        "mse": 0.2812848424707686
    },
    "KO": {
        "predicted": 63.57638606923721,
        "mse": 0.28437806010921135
    },
    "TM": {
        "predicted": 207.24739081341835,
        "mse": 7.360625628669667
    },
    "MCD": {
        "predicted": 254.367650673905,
        "mse": 7.772754189210591
    },
    "DIS": {
        "predicted": 97.18754890245502,
        "mse": 3.842453153411412
    },
    "EURUSD=X": {
        "predicted": 1.087208067341962,
        "mse": 2.7041961228962604e-05
    }
}