{
    "BTC-USD": {
        "prediction": 58309.8984235913,
        "mse": 0.005736928898841143
    },
    "GOOG": {
        "prediction": 152.694858836986,
        "mse": 0.011440670117735863
    },
    "AAPL": {
        "prediction": 162.94295268027088,
        "mse": 0.04558602720499039
    },
    "BTC-EUR": {
        "prediction": 52588.90397399481,
        "mse": 0.00866430252790451
    },
    "AMZN": {
        "prediction": 180.3786420875315,
        "mse": 0.0031089968979358673
    },
    "NVDA": {
        "prediction": 43.79395281274286,
        "mse": 0.19976544380187988
    },
    "NKE": {
        "prediction": 89.72494928756817,
        "mse": 0.0023163321893662214
    },
    "TSLA": {
        "prediction": 192.42581517985795,
        "mse": 0.004070041235536337
    },
    "F": {
        "prediction": 12.205663229596551,
        "mse": 0.0022265389561653137
    },
    "T": {
        "prediction": 18.83797480470028,
        "mse": 0.014349432662129402
    },
    "BAC": {
        "prediction": 39.84034369636902,
        "mse": 0.0016023613279685378
    },
    "KO": {
        "prediction": 62.483711585068484,
        "mse": 0.005554384086281061
    },
    "TM": {
        "prediction": 205.12018819998778,
        "mse": 0.008751015178859234
    },
    "MCD": {
        "prediction": 253.84740337115863,
        "mse": 0.011908045038580894
    },
    "DIS": {
        "prediction": 101.02968137962989,
        "mse": 0.0026006696280092
    }
}