{
    "BTC-USD": {
        "predicted": 58032.955344572154,
        "mse": 0.00684712128713727
    },
    "GOOG": {
        "predicted": 153.69413514342864,
        "mse": 0.01704467087984085
    },
    "AAPL": {
        "predicted": 199.7020268483602,
        "mse": 0.005643103271722794
    },
    "BTC-EUR": {
        "predicted": 50769.66381806162,
        "mse": 0.010951505973935127
    },
    "AMZN": {
        "predicted": 175.02504189345927,
        "mse": 0.006021482404321432
    },
    "NVDA": {
        "predicted": 89.18182167953641,
        "mse": 0.05044705048203468
    },
    "NKE": {
        "predicted": 71.68425214003821,
        "mse": 0.002454545581713319
    },
    "TSLA": {
        "predicted": 260.99447299006874,
        "mse": 0.007906777784228325
    },
    "F": {
        "predicted": 13.481169150593074,
        "mse": 0.0017331333365291357
    },
    "T": {
        "predicted": 18.956382281144286,
        "mse": 0.017965801060199738
    },
    "BAC": {
        "predicted": 41.29274427452583,
        "mse": 0.00245700147934258
    },
    "KO": {
        "predicted": 62.689586926606815,
        "mse": 0.003580898977816105
    },
    "TM": {
        "predicted": 188.7223733875284,
        "mse": 0.049240194261074066
    },
    "MCD": {
        "predicted": 249.1756475075988,
        "mse": 0.03631702437996864
    },
    "DIS": {
        "predicted": 99.2744463154213,
        "mse": 0.008798019960522652
    },
    "EURUSD=X": {
        "predicted": 1.0855237994392866,
        "mse": 0.007125213276594877
    }
}