{
    "BTC-USD": {
        "predicted": 52868.333681089614,
        "mse": 0.019517282024025917
    },
    "GOOG": {
        "predicted": 143.00895218055166,
        "mse": 0.0205572247505188
    },
    "AAPL": {
        "predicted": 188.79238206812988,
        "mse": 0.00878257304430008
    },
    "BTC-EUR": {
        "predicted": 51724.04936273871,
        "mse": 0.011938157491385937
    },
    "AMZN": {
        "predicted": 177.8175395686401,
        "mse": 0.004203222692012787
    },
    "NVDA": {
        "predicted": 75.15909789492501,
        "mse": 0.0735669732093811
    },
    "NKE": {
        "predicted": 79.3092235905072,
        "mse": 0.0060309842228889465
    },
    "TSLA": {
        "predicted": 228.71648443307902,
        "mse": 0.005731426645070314
    },
    "F": {
        "predicted": 12.624185826174708,
        "mse": 0.0019056459423154593
    },
    "T": {
        "predicted": 18.811920717844046,
        "mse": 0.008985254913568497
    },
    "BAC": {
        "predicted": 40.577397943327924,
        "mse": 0.0021579100284725428
    },
    "KO": {
        "predicted": 62.72284641855243,
        "mse": 0.0030560516752302647
    },
    "TM": {
        "predicted": 196.73778836643422,
        "mse": 0.027756812050938606
    },
    "MCD": {
        "predicted": 252.49563727347208,
        "mse": 0.02153761498630047
    },
    "DIS": {
        "predicted": 98.61731915935525,
        "mse": 0.002363823354244232
    },
    "EURUSD=X": {
        "predicted": 1.0768477812027406,
        "mse": 0.005356863606721163
    }
}