{
    "BTC-USD": {
<<<<<<< HEAD
        "predicted": 52868.333681089614,
        "mse": 0.019517282024025917
    },
    "GOOG": {
        "predicted": 143.00895218055166,
        "mse": 0.0205572247505188
    },
    "AAPL": {
        "predicted": 188.79238206812988,
        "mse": 0.00878257304430008
    },
    "BTC-EUR": {
        "predicted": 51724.04936273871,
        "mse": 0.011938157491385937
    },
    "AMZN": {
        "predicted": 177.8175395686401,
        "mse": 0.004203222692012787
    },
    "NVDA": {
        "predicted": 75.15909789492501,
        "mse": 0.0735669732093811
    },
    "NKE": {
        "predicted": 79.3092235905072,
        "mse": 0.0060309842228889465
    },
    "TSLA": {
        "predicted": 228.71648443307902,
        "mse": 0.005731426645070314
    },
    "F": {
        "predicted": 12.624185826174708,
        "mse": 0.0019056459423154593
    },
    "T": {
        "predicted": 18.811920717844046,
        "mse": 0.008985254913568497
    },
    "BAC": {
        "predicted": 40.577397943327924,
        "mse": 0.0021579100284725428
    },
    "KO": {
        "predicted": 62.72284641855243,
        "mse": 0.0030560516752302647
    },
    "TM": {
        "predicted": 196.73778836643422,
        "mse": 0.027756812050938606
    },
    "MCD": {
        "predicted": 252.49563727347208,
        "mse": 0.02153761498630047
    },
    "DIS": {
        "predicted": 98.61731915935525,
        "mse": 0.002363823354244232
    },
    "EURUSD=X": {
        "predicted": 1.0768477812027406,
        "mse": 0.005356863606721163
=======
        "predicted": 56180.71191871289,
        "mse": 0.013493264093995094
    },
    "GOOG": {
        "predicted": 152.67806236159754,
        "mse": 0.012618593871593475
    },
    "AAPL": {
        "predicted": 163.92792801311532,
        "mse": 0.04529111459851265
    },
    "BTC-EUR": {
        "predicted": 53696.17024387883,
        "mse": 0.00752556137740612
    },
    "AMZN": {
        "predicted": 177.90765351454104,
        "mse": 0.004013996105641127
    },
    "NVDA": {
        "predicted": 51.288345059364985,
        "mse": 0.15264561772346497
    },
    "NKE": {
        "predicted": 81.81000623551802,
        "mse": 0.0027299097273498774
    },
    "TSLA": {
        "predicted": 219.79375784115078,
        "mse": 0.005476895719766617
    },
    "F": {
        "predicted": 12.511637672642733,
        "mse": 0.0025845218915492296
    },
    "T": {
        "predicted": 18.955422535103168,
        "mse": 0.007514122873544693
    },
    "BAC": {
        "predicted": 40.09638729843027,
        "mse": 0.002325181383639574
    },
    "KO": {
        "predicted": 63.12206534378539,
        "mse": 0.0036545901093631983
    },
    "TM": {
        "predicted": 193.5186527797908,
        "mse": 0.028823403641581535
    },
    "MCD": {
        "predicted": 246.44442345012945,
        "mse": 0.04098401963710785
    },
    "DIS": {
        "predicted": 100.77469862334647,
        "mse": 0.007987822405993938
    },
    "EURUSD=X": {
        "predicted": 1.0773656366356317,
        "mse": 0.006763898767530918
>>>>>>> bd29aab54740562dd78e5153157e5fb9f9a46e51
    }
}