{
    "BTC-USD": {
        "predicted": 56180.71191871289,
        "mse": 0.013493264093995094
    },
    "GOOG": {
        "predicted": 152.67806236159754,
        "mse": 0.012618593871593475
    },
    "AAPL": {
        "predicted": 163.92792801311532,
        "mse": 0.04529111459851265
    },
    "BTC-EUR": {
        "predicted": 53696.17024387883,
        "mse": 0.00752556137740612
    },
    "AMZN": {
        "predicted": 177.90765351454104,
        "mse": 0.004013996105641127
    },
    "NVDA": {
        "predicted": 51.288345059364985,
        "mse": 0.15264561772346497
    },
    "NKE": {
        "predicted": 81.81000623551802,
        "mse": 0.0027299097273498774
    },
    "TSLA": {
        "predicted": 219.79375784115078,
        "mse": 0.005476895719766617
    },
    "F": {
        "predicted": 12.511637672642733,
        "mse": 0.0025845218915492296
    },
    "T": {
        "predicted": 18.955422535103168,
        "mse": 0.007514122873544693
    },
    "BAC": {
        "predicted": 40.09638729843027,
        "mse": 0.002325181383639574
    },
    "KO": {
        "predicted": 63.12206534378539,
        "mse": 0.0036545901093631983
    },
    "TM": {
        "predicted": 193.5186527797908,
        "mse": 0.028823403641581535
    },
    "MCD": {
        "predicted": 246.44442345012945,
        "mse": 0.04098401963710785
    },
    "DIS": {
        "predicted": 100.77469862334647,
        "mse": 0.007987822405993938
    },
    "EURUSD=X": {
        "predicted": 1.0773656366356317,
        "mse": 0.006763898767530918
    }
}