{
    "BTC-USD": {
        "predicted": 59387.21312813119,
        "mse": 0.0026192651130259037
    },
    "GOOG": {
        "predicted": 152.62026088648008,
        "mse": 0.012467489577829838
    },
    "AAPL": {
        "predicted": 172.65087234099258,
        "mse": 0.020579993724822998
    },
    "BTC-EUR": {
        "predicted": 47571.74827411612,
        "mse": 0.025241384282708168
    },
    "AMZN": {
        "predicted": 169.94524235400968,
        "mse": 0.008574284613132477
    },
    "NVDA": {
        "predicted": 62.22865550377286,
        "mse": 0.11634547263383865
    },
    "NKE": {
        "predicted": 80.79413498160153,
        "mse": 0.001946974778547883
    },
    "TSLA": {
        "predicted": 221.37077476011555,
        "mse": 0.004418743774294853
    },
    "F": {
        "predicted": 12.706413653775995,
        "mse": 0.0015112267574295402
    },
    "T": {
        "predicted": 19.226721917066556,
        "mse": 0.040483035147190094
    },
    "BAC": {
        "predicted": 40.71678285526377,
        "mse": 0.0019214682979509234
    },
    "KO": {
        "predicted": 63.08931217686541,
        "mse": 0.003065792378038168
    },
    "TM": {
        "predicted": 192.76011861310317,
        "mse": 0.03232063353061676
    },
    "MCD": {
        "predicted": 246.5215959896996,
        "mse": 0.051478318870067596
    },
    "DIS": {
        "predicted": 99.5871648078571,
        "mse": 0.002735883230343461
    },
    "EURUSD=X": {
        "predicted": 1.0798938292048827,
        "mse": 0.007303592748939991
    }
}