{
    "BTC-USD": {
        "predicted": 57771.327981327166,
        "mse": 0.003986459691077471
    },
    "GOOG": {
        "predicted": 150.91089818313185,
        "mse": 0.015882443636655807
    },
    "AAPL": {
        "predicted": 175.5291597587999,
        "mse": 0.027377719059586525
    },
    "BTC-EUR": {
        "predicted": 50828.18450263782,
        "mse": 0.011745596304535866
    },
    "AMZN": {
        "predicted": 171.75676117438366,
        "mse": 0.008048801682889462
    },
    "NVDA": {
        "predicted": 51.73612358930675,
        "mse": 0.16884776949882507
    },
    "NKE": {
        "predicted": 73.20637414142129,
        "mse": 0.0018502005841583014
    },
    "TSLA": {
        "predicted": 250.81469649023677,
        "mse": 0.005790637340396643
    },
    "F": {
        "predicted": 13.563312237822627,
        "mse": 0.0017746115336194634
    },
    "T": {
        "predicted": 18.871087342805055,
        "mse": 0.01526282262057066
    },
    "BAC": {
        "predicted": 41.73829987199497,
        "mse": 0.002204825170338154
    },
    "KO": {
        "predicted": 61.78770508034609,
        "mse": 0.0059395963326096535
    },
    "TM": {
        "predicted": 194.18540516933095,
        "mse": 0.03219924867153168
    },
    "MCD": {
        "predicted": 249.52417375096275,
        "mse": 0.01344824768602848
    },
    "DIS": {
        "predicted": 97.89881376071753,
        "mse": 0.0035930608864873648
    },
    "EURUSD=X": {
        "predicted": 1.0861200311088481,
        "mse": 0.01225702278316021
    }
}