{
    "BTC-USD": {
        "predicted": 57524.673039333386,
        "mse": 0.008558543398976326
    },
    "GOOG": {
        "predicted": 149.71626248505834,
        "mse": 0.0135957021266222
    },
    "AAPL": {
        "predicted": 183.02018900931785,
        "mse": 0.010451934300363064
    },
    "BTC-EUR": {
        "predicted": 42704.284977634146,
        "mse": 0.06330908089876175
    },
    "AMZN": {
        "predicted": 177.32776215712192,
        "mse": 0.004076552111655474
    },
    "NVDA": {
        "predicted": 41.10396248742758,
        "mse": 0.2418234646320343
    },
    "NKE": {
        "predicted": 86.78696584857659,
        "mse": 0.002604542998597026
    },
    "TSLA": {
        "predicted": 199.48469470389526,
        "mse": 0.004010009579360485
    },
    "F": {
        "predicted": 12.432358557492476,
        "mse": 0.001551261404529214
    },
    "T": {
        "predicted": 18.980188199723642,
        "mse": 0.018332375213503838
    },
    "BAC": {
        "predicted": 39.74866710627657,
        "mse": 0.0017005112022161484
    },
    "KO": {
        "predicted": 63.14441622101334,
        "mse": 0.0032177362591028214
    },
    "TM": {
        "predicted": 191.29382560899163,
        "mse": 0.04304703325033188
    },
    "MCD": {
        "predicted": 253.7200391340334,
        "mse": 0.023583536967635155
    },
    "DIS": {
        "predicted": 100.19292056697077,
        "mse": 0.003538940567523241
    },
    "EURUSD=X": {
        "predicted": 1.0726183694606668,
        "mse": 0.003765564179047942
    }
}