{
    "BTC-USD": {
        "predicted": 55938.30145382921,
        "mse": 0.009010200388729572
    },
    "GOOG": {
        "predicted": 170.27988884351544,
        "mse": 0.05399840697646141
    },
    "AAPL": {
        "predicted": 197.37171878056233,
        "mse": 0.04035969823598862
    },
    "BTC-EUR": {
        "predicted": 54082.04152704306,
        "mse": 0.004963140469044447
    },
    "AMZN": {
        "predicted": 166.46679291911823,
        "mse": 0.132883220911026
    },
    "NVDA": {
        "predicted": 81.87613493423247,
        "mse": 0.2055475413799286
    },
    "NKE": {
        "predicted": 88.09623140884878,
        "mse": 0.00993363093584776
    },
    "TSLA": {
        "predicted": 191.8813885877081,
        "mse": 0.016177862882614136
    },
    "F": {
        "predicted": 13.150088400088713,
        "mse": 0.012060202658176422
    },
    "T": {
        "predicted": 18.925374478540036,
        "mse": 0.003005639184266329
    },
    "BAC": {
        "predicted": 39.14853845852355,
        "mse": 0.007063768338412046
    },
    "KO": {
        "predicted": 63.271719363758166,
        "mse": 0.0042557744309306145
    },
    "TM": {
        "predicted": 182.1079154725321,
        "mse": 0.3078896999359131
    },
    "MCD": {
        "predicted": 252.088821379946,
        "mse": 0.0014837629860267043
    },
    "DIS": {
        "predicted": 97.46264242470465,
        "mse": 0.009560503996908665
    },
    "EURUSD=X": {
        "predicted": 1.0843161862094552,
        "mse": 0.00028759727138094604
    }
}