{
    "BTC-USD": {
        "predicted": 60748.99068464041,
        "mse": 0.004108181688934565
    },
    "GOOG": {
        "predicted": 175.45450384877762,
        "mse": 0.0025091797579079866
    },
    "AAPL": {
        "predicted": 211.24672016192767,
        "mse": 0.0024308857973665
    },
    "BTC-EUR": {
        "predicted": 56428.22539584758,
        "mse": 0.00420493446290493
    },
    "AMZN": {
        "predicted": 179.72656957940944,
        "mse": 0.005204775836318731
    },
    "NVDA": {
        "predicted": 75.31840697354271,
        "mse": 0.056439537554979324
    },
    "NKE": {
        "predicted": 72.04895475330706,
        "mse": 0.002072408562526107
    },
    "TSLA": {
        "predicted": 202.94933999449074,
        "mse": 0.03860891982913017
    },
    "F": {
        "predicted": 14.642383728646204,
        "mse": 0.0008775484166108072
    },
    "T": {
        "predicted": 19.34140487533864,
        "mse": 0.009716772474348545
    },
    "BAC": {
        "predicted": 43.32797637711693,
        "mse": 0.0016072815051302314
    },
    "KO": {
        "predicted": 60.97511798098617,
        "mse": 0.044862598180770874
    },
    "TM": {
        "predicted": 199.27340519605605,
        "mse": 0.0171147882938385
    },
    "MCD": {
        "predicted": 254.82820968547276,
        "mse": 0.007027267012745142
    },
    "DIS": {
        "predicted": 104.58121970596129,
        "mse": 0.01695205643773079
    },
    "EURUSD=X": {
        "predicted": 1.0920311213218987,
        "mse": 0.0011244086781516671
    }
}