{
    "BTC-USD": {
        "predicted": 52682.66949592844,
        "mse": 0.08788247406482697
    },
    "GOOG": {
        "predicted": 165.95519963376773,
        "mse": 0.05458900332450867
    },
    "AAPL": {
        "predicted": 195.4664263809609,
        "mse": 0.03757854923605919
    },
    "BTC-EUR": {
        "predicted": 49958.47537160618,
        "mse": 0.0674699917435646
    },
    "AMZN": {
        "predicted": 186.37713450750425,
        "mse": 0.0196947380900383
    },
    "NVDA": {
        "predicted": 25.609900298038163,
        "mse": 1.2211438417434692
    },
    "NKE": {
        "predicted": 86.09635877233859,
        "mse": 0.013275341130793095
    },
    "TSLA": {
        "predicted": 242.25854387155005,
        "mse": 0.004715787712484598
    },
    "F": {
        "predicted": 12.916416561808532,
        "mse": 0.0058502512983977795
    },
    "T": {
        "predicted": 18.877147207983448,
        "mse": 0.0012500904267653823
    },
    "BAC": {
        "predicted": 37.94479079182372,
        "mse": 0.03387938067317009
    },
    "KO": {
        "predicted": 63.55080485145572,
        "mse": 0.0026343627832829952
    },
    "TM": {
        "predicted": 162.14201514614615,
        "mse": 1.0906232595443726
    },
    "MCD": {
        "predicted": 250.8071745058828,
        "mse": 0.0042272587306797504
    },
    "DIS": {
        "predicted": 94.45628845221142,
        "mse": 0.15111501514911652
    },
    "EURUSD=X": {
        "predicted": 1.0859098101769789,
        "mse": 0.00022159468790050596
    }
}