{
    "BTC-USD": {
        "predicted": 49172.748992111956,
        "mse": 0.08347725868225098
    },
    "GOOG": {
        "predicted": 163.41694378265646,
        "mse": 0.00956155825406313
    },
    "AAPL": {
        "predicted": 167.20731327691806,
        "mse": 0.12092123925685883
    },
    "BTC-EUR": {
        "predicted": 29180.2705929196,
        "mse": 0.2659572660923004
    },
    "AMZN": {
        "predicted": 173.75053741935744,
        "mse": 0.02655148133635521
    },
    "NVDA": {
        "predicted": -0.990646871002777,
        "mse": 0.599215030670166
    },
    "NKE": {
        "predicted": 74.6071903160355,
        "mse": 0.010880664922297001
    },
    "TSLA": {
        "predicted": 163.51510455381802,
        "mse": 0.15003646910190582
    },
    "F": {
        "predicted": 12.903595970569372,
        "mse": 0.01153393741697073
    },
    "T": {
        "predicted": 19.172202448587825,
        "mse": 0.019047731533646584
    },
    "BAC": {
        "predicted": 39.991213485752745,
        "mse": 0.005621406715363264
    },
    "KO": {
        "predicted": 57.64242356494276,
        "mse": 0.08746533840894699
    },
    "TM": {
        "predicted": 152.19685218734367,
        "mse": 0.2490191012620926
    },
    "MCD": {
        "predicted": 193.58039697329087,
        "mse": 0.5728863477706909
    },
    "DIS": {
        "predicted": 98.885910333242,
        "mse": 0.011091707274317741
    },
    "EURUSD=X": {
        "predicted": 1.1027857896799587,
        "mse": 0.014325443655252457
    }
}