{
    "BTC-USD": {
<<<<<<< HEAD
        "predicted": 56141.077264622676,
        "mse": 0.023668520152568817
    },
    "GOOG": {
        "predicted": 167.39520302038363,
        "mse": 0.057686444371938705
    },
    "AAPL": {
        "predicted": 210.93060042732125,
        "mse": 0.00706368638202548
    },
    "BTC-EUR": {
        "predicted": 48852.98688552447,
        "mse": 0.06430501490831375
    },
    "AMZN": {
        "predicted": 139.04602684901647,
        "mse": 0.6070851683616638
    },
    "NVDA": {
        "predicted": 78.73384426726173,
        "mse": 0.22303512692451477
    },
    "NKE": {
        "predicted": 89.80709652633527,
        "mse": 0.032684583216905594
    },
    "TSLA": {
        "predicted": 209.07077485002014,
        "mse": 0.026647143065929413
    },
    "F": {
        "predicted": 12.642074483385947,
        "mse": 0.017491409555077553
    },
    "T": {
        "predicted": 18.95916025260994,
        "mse": 0.006973156239837408
    },
    "BAC": {
        "predicted": 37.592154488245114,
        "mse": 0.05748690664768219
    },
    "KO": {
        "predicted": 63.70531092984402,
        "mse": 0.0009422260918654501
    },
    "TM": {
        "predicted": 185.95802542486854,
        "mse": 0.23154763877391815
    },
    "MCD": {
        "predicted": 252.0506361131213,
        "mse": 0.004647677298635244
    },
    "DIS": {
        "predicted": 97.37892340125688,
        "mse": 0.052476972341537476
    },
    "EURUSD=X": {
        "predicted": 1.0862808901987115,
        "mse": 0.0003686674463097006
=======
        "predicted": 52682.66949592844,
        "mse": 0.08788247406482697
    },
    "GOOG": {
        "predicted": 165.95519963376773,
        "mse": 0.05458900332450867
    },
    "AAPL": {
        "predicted": 195.4664263809609,
        "mse": 0.03757854923605919
    },
    "BTC-EUR": {
        "predicted": 49958.47537160618,
        "mse": 0.0674699917435646
    },
    "AMZN": {
        "predicted": 186.37713450750425,
        "mse": 0.0196947380900383
    },
    "NVDA": {
        "predicted": 25.609900298038163,
        "mse": 1.2211438417434692
    },
    "NKE": {
        "predicted": 86.09635877233859,
        "mse": 0.013275341130793095
    },
    "TSLA": {
        "predicted": 242.25854387155005,
        "mse": 0.004715787712484598
    },
    "F": {
        "predicted": 12.916416561808532,
        "mse": 0.0058502512983977795
    },
    "T": {
        "predicted": 18.877147207983448,
        "mse": 0.0012500904267653823
    },
    "BAC": {
        "predicted": 37.94479079182372,
        "mse": 0.03387938067317009
    },
    "KO": {
        "predicted": 63.55080485145572,
        "mse": 0.0026343627832829952
    },
    "TM": {
        "predicted": 162.14201514614615,
        "mse": 1.0906232595443726
    },
    "MCD": {
        "predicted": 250.8071745058828,
        "mse": 0.0042272587306797504
    },
    "DIS": {
        "predicted": 94.45628845221142,
        "mse": 0.15111501514911652
    },
    "EURUSD=X": {
        "predicted": 1.0859098101769789,
        "mse": 0.00022159468790050596
>>>>>>> bd29aab54740562dd78e5153157e5fb9f9a46e51
    }
}