{
    "BTC-USD": {
        "predicted": 59054.2475383089,
        "mse": 0.028994116932153702
    },
    "GOOG": {
        "predicted": 175.39416606640407,
        "mse": 0.009655412286520004
    },
    "AAPL": {
        "predicted": 210.53544504293404,
        "mse": 0.004398693330585957
    },
    "BTC-EUR": {
        "predicted": 52046.32009884325,
        "mse": 0.03697893023490906
    },
    "AMZN": {
        "predicted": 172.16601486064474,
        "mse": 0.07625795900821686
    },
    "NVDA": {
        "predicted": 70.34192920501181,
        "mse": 0.4621885418891907
    },
    "NKE": {
        "predicted": 84.66661842572557,
        "mse": 0.003387593664228916
    },
    "TSLA": {
        "predicted": 202.65076395697827,
        "mse": 0.00584779679775238
    },
    "F": {
        "predicted": 13.011054378406286,
        "mse": 0.009066309779882431
    },
    "T": {
        "predicted": 18.718931400924696,
        "mse": 0.0013511314755305648
    },
    "BAC": {
        "predicted": 39.32097690734138,
        "mse": 0.005059199873358011
    },
    "KO": {
        "predicted": 62.529110929147464,
        "mse": 0.007734764367341995
    },
    "TM": {
        "predicted": 196.8743981230582,
        "mse": 0.18663135170936584
    },
    "MCD": {
        "predicted": 254.6133249938739,
        "mse": 0.002475183689966798
    },
    "DIS": {
        "predicted": 92.53509453532365,
        "mse": 0.019413163885474205
    },
    "EURUSD=X": {
        "predicted": 1.0753045040508438,
        "mse": 0.0003267949796281755
    }
}